,LotFrontage,LotArea,MasVnrArea,BsmtFinSF1,BsmtFinSF2,BsmtUnfSF,TotalBsmtSF,1stFlrSF,2ndFlrSF,LowQualFinSF,GrLivArea,GarageArea,WoodDeckSF,OpenPorchSF,EnclosedPorch,3SsnPorch,ScreenPorch,PoolArea,MiscVal,SalePrice,YearBuilt,YearRemodAdd,BsmtFullBath,BsmtHalfBath,FullBath,HalfBath,BedroomAbvGr,KitchenAbvGr,TotRmsAbvGrd,Fireplaces,GarageYrBlt,GarageCars
LotFrontage,1.0,0.426095018772,0.193458060558,0.23363316702,0.049899676691,0.132643741625,0.392074576379,0.457181001995,0.0801772706242,0.038468534329,0.402797414085,0.344996724106,0.0885209332894,0.151972227681,0.0107003366389,0.0700292277309,0.041382790675,0.206166775276,0.00336755659619,0.351799096571,0.123349467033,0.0888655724921,0.100948566949,-0.00723430452492,0.198768677897,0.0535318549796,0.263169915881,-0.00606883016131,0.35209594766,0.26663948256,0.0702497819166,0.285690924685
LotArea,0.426095018772,1.0,0.10415982154,0.214103130706,0.111169745496,-0.0026183599501,0.260833134545,0.299474578508,0.0509859482935,0.00477896986635,0.263116167167,0.180402755151,0.171697687257,0.0847738088402,-0.0183397336722,0.0204228295861,0.0431603776953,0.0776723918802,0.0380676920192,0.263843353871,0.014227651757,0.0137884270782,0.15815453106,0.0480455708883,0.12603062652,0.0142594685664,0.119689908151,-0.0177838705048,0.190014777625,0.271364009625,-0.0249474186656,0.154870739754
MasVnrArea,0.193458060558,0.10415982154,1.0,0.264736264714,-0.0723188482034,0.114442062314,0.363936221774,0.34450074689,0.174561473457,-0.0690708560659,0.390856639738,0.3730664816,0.159718134366,0.125702796683,-0.110203833872,0.0187955152949,0.0614655431873,0.0117230612133,-0.0298153935853,0.477493047096,0.315707062436,0.179618370736,0.0853098286897,0.0266728281551,0.276832847237,0.20144394693,0.102821151278,-0.0376102518199,0.280681694609,0.249069612837,0.25269077499,0.36420364007
BsmtFinSF1,0.23363316702,0.214103130706,0.264736264714,1.0,-0.0501174000472,-0.495251469257,0.522396051992,0.445862656092,-0.13707898608,-0.0645025969215,0.208171130145,0.296970385345,0.204306145237,0.111760613357,-0.102303305501,0.0264505061899,0.0620206226654,0.140491286255,0.00357147347495,0.386419806242,0.249503196685,0.128450547128,0.649211753574,0.0674184779101,0.0585431368616,0.00426242438449,-0.107354676823,-0.0810068507786,0.0443156239129,0.260010920235,0.153484098027,0.224053522394
BsmtFinSF2,0.049899676691,0.111169745496,-0.0723188482034,-0.0501174000472,1.0,-0.20929449242,0.104809537606,0.0971174484567,-0.0992603160226,0.0148069979468,-0.00963989155181,-0.0182265919073,0.0678983264136,0.00309256220989,0.0365433394482,-0.0299933979939,0.0888712513734,0.0417090546813,0.00493978122844,-0.0113781214502,-0.0491068311962,-0.067758513566,0.158678060782,0.0709481336559,-0.0764438619652,-0.032147837469,-0.0157281136266,-0.0407512364484,-0.0352265479475,0.046920708826,-0.0880108154122,-0.0382635128693
BsmtUnfSF,0.132643741625,-0.0026183599501,0.114442062314,-0.495251469257,-0.20929449242,1.0,0.415359605182,0.317987438353,0.00446909214454,0.0281666881327,0.24025726835,0.183302697743,-0.00531642433306,0.129005414615,-0.00253785458975,0.0207640056965,-0.0125792734443,-0.0350922407937,-0.0238366451345,0.214479105547,0.149040391954,0.18113308705,-0.422900477383,-0.0958042881525,0.288886055487,-0.0411175301446,0.166643316987,0.030085868314,0.250647061376,0.0515748822895,0.190708273459,0.21417518975
TotalBsmtSF,0.392074576379,0.260833134545,0.363936221774,0.522396051992,0.104809537606,0.415359605182,1.0,0.819529975005,-0.174511950135,-0.0332453873475,0.454868202548,0.486665463774,0.232018609129,0.247263746288,-0.0954777367064,0.037383727263,0.0844889859143,0.126053132101,-0.0184789224315,0.613580551559,0.391452002066,0.291065582604,0.307350553736,-0.000314581819834,0.323722413607,-0.0488037386352,0.0504499555127,-0.068900642642,0.285572563726,0.339519323899,0.322445173679,0.434584834292
1stFlrSF,0.457181001995,0.299474578508,0.34450074689,0.445862656092,0.0971174484567,0.317987438353,0.819529975005,1.0,-0.202646181002,-0.0142406726664,0.566023968936,0.489781654104,0.235458622784,0.211671225498,-0.0652917009103,0.0561043744849,0.0887580726202,0.13152497564,-0.0210957194631,0.605852184692,0.2819858587,0.240379267604,0.244671104248,0.00195565358205,0.380637494974,-0.119915908794,0.127400749392,0.0681005881769,0.409515978867,0.41053108466,0.233449092715,0.439316807991
2ndFlrSF,0.0801772706242,0.0509859482935,0.174561473457,-0.13707898608,-0.0992603160226,0.00446909214454,-0.174511950135,-0.202646181002,1.0,0.0633529501093,0.687501064167,0.138346958572,0.092165417586,0.208026063181,0.0619886907733,-0.024357648422,0.040606447641,0.0814868780491,0.0161968746044,0.319333802832,0.0103076595844,0.140023778805,-0.169493951731,-0.023854783937,0.421377982876,0.609707300272,0.502900613346,0.0593057526482,0.616422635492,0.194560892241,0.0708323397174,0.183925583076
LowQualFinSF,0.038468534329,0.00477896986635,-0.0690708560659,-0.0645025969215,0.0148069979468,0.0281666881327,-0.0332453873475,-0.0142406726664,0.0633529501093,1.0,0.134682813007,-0.0676014132395,-0.0254436479888,0.018251039054,0.0610812377712,-0.0042956104103,0.0267994130218,0.0621573722692,-0.00379287078,-0.0256061300007,-0.183784344374,-0.0624191000783,-0.0471434218983,-0.00584150481931,-0.000709509620673,-0.0270800493172,0.105606568541,0.00752174434423,0.13118477599,-0.0212721434139,-0.0363632340423,-0.0944795201559
GrLivArea,0.402797414085,0.263116167167,0.390856639738,0.208171130145,-0.00963989155181,0.24025726835,0.454868202548,0.566023968936,0.687501064167,0.134682813007,1.0,0.468997477323,0.247432820519,0.330223961712,0.009113210326,0.0206431897102,0.101510395682,0.170205336001,-0.00241563955029,0.708624477613,0.199009713676,0.28738851965,0.0348360495449,-0.0189184831706,0.630011646251,0.415771636105,0.521269510919,0.100063164738,0.825489374309,0.461679133761,0.231196740633,0.467247418795
GarageArea,0.344996724106,0.180402755151,0.3730664816,0.296970385345,-0.0182265919073,0.183302697743,0.486665463774,0.489781654104,0.138346958572,-0.0676014132395,0.468997477323,1.0,0.224666307179,0.241434672138,-0.121776719561,0.0350867002082,0.0514117624452,0.0610472717021,-0.0273999144126,0.623431438918,0.478953819893,0.371599809497,0.17918948042,-0.0245355795789,0.405656208454,0.163549364017,0.0652525298988,-0.0644330471831,0.337822120637,0.269141238074,0.564567060723,0.882475414281
WoodDeckSF,0.0885209332894,0.171697687257,0.159718134366,0.204306145237,0.0678983264136,-0.00531642433306,0.232018609129,0.235458622784,0.092165417586,-0.0254436479888,0.247432820519,0.224666307179,1.0,0.0586606085659,-0.125988888038,-0.0327706335936,-0.0741813512398,0.0733782069565,-0.00955122823837,0.324413444568,0.224880142304,0.20572592049,0.17531519008,0.0401612232595,0.187703213836,0.108080302675,0.0468537730699,-0.090130272679,0.165983883715,0.200018795759,0.224576991988,0.22634213847
OpenPorchSF,0.151972227681,0.0847738088402,0.125702796683,0.111760613357,0.00309256220989,0.129005414615,0.247263746288,0.211671225498,0.208026063181,0.018251039054,0.330223961712,0.241434672138,0.0586606085659,1.0,-0.0930793175086,-0.00584249934014,0.0743039438502,0.0607621114899,-0.0185837389876,0.315856227116,0.188685840002,0.226297632683,0.067341461377,-0.0253237578891,0.259977425468,0.199740147513,0.0938095716059,-0.0700906098926,0.234191587832,0.169405327131,0.228424578772,0.21356944559
EnclosedPorch,0.0107003366389,-0.0183397336722,-0.110203833872,-0.102303305501,0.0365433394482,-0.00253785458975,-0.0954777367064,-0.0652917009103,0.0619886907733,0.0610812377712,0.009113210326,-0.121776719561,-0.125988888038,-0.0930793175086,1.0,-0.037305282788,-0.0828642448326,0.0542025622921,0.0183606001394,-0.128577957926,-0.387267782928,-0.193919147099,-0.0499106490838,-0.00855533386858,-0.115092963461,-0.0953165257361,0.0415704345196,0.037312385033,0.00415129902386,-0.0248218685371,-0.297002603056,-0.151434160027
3SsnPorch,0.0700292277309,0.0204228295861,0.0187955152949,0.0264505061899,-0.0299933979939,0.0207640056965,0.037383727263,0.0561043744849,-0.024357648422,-0.0042956104103,0.0206431897102,0.0350867002082,-0.0327706335936,-0.00584249934014,-0.037305282788,1.0,-0.0314358470391,-0.00799154887287,0.000353965277939,0.0445836653357,0.0313545130644,0.045285809815,-0.000106091539984,0.0351136308868,0.0353530165839,-0.00497248841732,-0.0244777963661,-0.0246003586905,-0.00668324101094,0.0112572389928,0.0235436895737,0.0357652851465
ScreenPorch,0.041382790675,0.0431603776953,0.0614655431873,0.0620206226654,0.0888712513734,-0.0125792734443,0.0844889859143,0.0887580726202,0.040606447641,0.0267994130218,0.101510395682,0.0514117624452,-0.0741813512398,0.0743039438502,-0.0828642448326,-0.0314358470391,1.0,0.0513073945179,0.0319457607749,0.111446571143,-0.0503644345386,-0.0387400107426,0.0231477257636,0.0321214072091,-0.00810609332811,0.0724258451704,0.0442996911271,-0.0516133660615,0.0593825995594,0.184530269517,-0.0754175137619,0.0504937919272
PoolArea,0.206166775276,0.0776723918802,0.0117230612133,0.140491286255,0.0417090546813,-0.0350922407937,0.126053132101,0.13152497564,0.0814868780491,0.0621573722692,0.170205336001,0.0610472717021,0.0733782069565,0.0607621114899,0.0542025622921,-0.00799154887287,0.0513073945179,1.0,0.029668650854,0.0924035494919,0.00494972761594,0.00582937203711,0.0676155561805,0.0200246298385,0.049603825584,0.0223814980554,0.0707025835655,-0.014525116016,0.0837573495149,0.0950735220362,-0.0145006785637,0.0209335310415
MiscVal,0.00336755659619,0.0380676920192,-0.0298153935853,0.00357147347495,0.00493978122844,-0.0238366451345,-0.0184789224315,-0.0210957194631,0.0161968746044,-0.00379287078,-0.00241563955029,-0.0273999144126,-0.00955122823837,-0.0185837389876,0.0183606001394,0.000353965277939,0.0319457607749,0.029668650854,1.0,-0.0211895796403,-0.0343831387367,-0.0102862487831,-0.0230470248686,-0.00736652454363,-0.0142898449709,0.00129014484928,0.00776697199872,0.0623407240044,0.0247628841636,0.00140860544305,-0.0324174578213,-0.0430801281022
SalePrice,0.351799096571,0.263843353871,0.477493047096,0.386419806242,-0.0113781214502,0.214479105547,0.613580551559,0.605852184692,0.319333802832,-0.0256061300007,0.708624477613,0.623431438918,0.324413444568,0.315856227116,-0.128577957926,0.0445836653357,0.111446571143,0.0924035494919,-0.0211895796403,1.0,0.522897332879,0.507100967111,0.227122233131,-0.0168441542974,0.560663762748,0.284107675595,0.168213154301,-0.135907370842,0.533723155582,0.466928836752,0.486361677488,0.640409197258
YearBuilt,0.123349467033,0.014227651757,0.315707062436,0.249503196685,-0.0491068311962,0.149040391954,0.391452002066,0.2819858587,0.0103076595844,-0.183784344374,0.199009713676,0.478953819893,0.224880142304,0.188685840002,-0.387267782928,0.0313545130644,-0.0503644345386,0.00494972761594,-0.0343831387367,0.522897332879,1.0,0.592854976344,0.187598549997,-0.0381618056712,0.468270787173,0.242655910241,-0.0706512169047,-0.174800245615,0.095589128298,0.147716399412,0.825667484174,0.537850091711
YearRemodAdd,0.0888655724921,0.0137884270782,0.179618370736,0.128450547128,-0.067758513566,0.18113308705,0.291065582604,0.240379267604,0.140023778805,-0.0624191000783,0.28738851965,0.371599809497,0.20572592049,0.226297632683,-0.193919147099,0.045285809815,-0.0387400107426,0.00582937203711,-0.0102862487831,0.507100967111,0.592854976344,1.0,0.119469879111,-0.0123370321278,0.439046483872,0.183330611719,-0.0405809280677,-0.149597521043,0.191739816293,0.112581318439,0.642276779704,0.420622154943
BsmtFullBath,0.100948566949,0.15815453106,0.0853098286897,0.649211753574,0.158678060782,-0.422900477383,0.307350553736,0.244671104248,-0.169493951731,-0.0471434218983,0.0348360495449,0.17918948042,0.17531519008,0.067341461377,-0.0499106490838,-0.000106091539984,0.0231477257636,0.0676155561805,-0.0230470248686,0.227122233131,0.187598549997,0.119469879111,1.0,-0.147870960548,-0.0645120486313,-0.0309049591425,-0.150672809208,-0.0415025464315,-0.0532752361234,0.137927708427,0.124552524424,0.131881224406
BsmtHalfBath,-0.00723430452492,0.0480455708883,0.0266728281551,0.0674184779101,0.0709481336559,-0.0958042881525,-0.000314581819834,0.00195565358205,-0.023854783937,-0.00584150481931,-0.0189184831706,-0.0245355795789,0.0401612232595,-0.0253237578891,-0.00855533386858,0.0351136308868,0.0321214072091,0.0200246298385,-0.00736652454363,-0.0168441542974,-0.0381618056712,-0.0123370321278,-0.147870960548,1.0,-0.0545358119836,-0.0123399000523,0.04651884839,-0.0379443502272,-0.0238363412622,0.0289755866463,-0.0774636123807,-0.0208910589969
FullBath,0.198768677897,0.12603062652,0.276832847237,0.0585431368616,-0.0764438619652,0.288886055487,0.323722413607,0.380637494974,0.421377982876,-0.000709509620673,0.630011646251,0.405656208454,0.187703213836,0.259977425468,-0.115092963461,0.0353530165839,-0.00810609332811,0.049603825584,-0.0142898449709,0.560663762748,0.468270787173,0.439046483872,-0.0645120486313,-0.0545358119836,1.0,0.136380588749,0.363251983023,0.133115214196,0.554784253533,0.24367050308,0.48455738672,0.469672043268
HalfBath,0.0535318549796,0.0142594685664,0.20144394693,0.00426242438449,-0.032147837469,-0.0411175301446,-0.0488037386352,-0.119915908794,0.609707300272,-0.0270800493172,0.415771636105,0.163549364017,0.108080302675,0.199740147513,-0.0953165257361,-0.00497248841732,0.0724258451704,0.0223814980554,0.00129014484928,0.284107675595,0.242655910241,0.183330611719,-0.0309049591425,-0.0123399000523,0.136380588749,1.0,0.226651484151,-0.0682625488969,0.343414857541,0.203648508095,0.196785175806,0.219178152167
BedroomAbvGr,0.263169915881,0.119689908151,0.102821151278,-0.107354676823,-0.0157281136266,0.166643316987,0.0504499555127,0.127400749392,0.502900613346,0.105606568541,0.521269510919,0.0652525298988,0.0468537730699,0.0938095716059,0.0415704345196,-0.0244777963661,0.0442996911271,0.0707025835655,0.00776697199872,0.168213154301,-0.0706512169047,-0.0405809280677,-0.150672809208,0.04651884839,0.363251983023,0.226651484151,1.0,0.198596757707,0.676619935743,0.107569680991,-0.0645184369844,0.0861064376884
KitchenAbvGr,-0.00606883016131,-0.0177838705048,-0.0376102518199,-0.0810068507786,-0.0407512364484,0.030085868314,-0.068900642642,0.0681005881769,0.0593057526482,0.00752174434423,0.100063164738,-0.0644330471831,-0.090130272679,-0.0700906098926,0.037312385033,-0.0246003586905,-0.0516133660615,-0.014525116016,0.0623407240044,-0.135907370842,-0.174800245615,-0.149597521043,-0.0415025464315,-0.0379443502272,0.133115214196,-0.0682625488969,0.198596757707,1.0,0.256045408536,-0.123936235297,-0.12441140157,-0.0506338924022
TotRmsAbvGrd,0.35209594766,0.190014777625,0.280681694609,0.0443156239129,-0.0352265479475,0.250647061376,0.285572563726,0.409515978867,0.616422635492,0.13118477599,0.825489374309,0.337822120637,0.165983883715,0.234191587832,0.00415129902386,-0.00668324101094,0.0593825995594,0.0837573495149,0.0247628841636,0.533723155582,0.095589128298,0.191739816293,-0.0532752361234,-0.0238363412622,0.554784253533,0.343414857541,0.676619935743,0.256045408536,1.0,0.326114480177,0.148111715586,0.362288570815
Fireplaces,0.26663948256,0.271364009625,0.249069612837,0.260010920235,0.046920708826,0.0515748822895,0.339519323899,0.41053108466,0.194560892241,-0.0212721434139,0.461679133761,0.269141238074,0.200018795759,0.169405327131,-0.0248218685371,0.0112572389928,0.184530269517,0.0950735220362,0.00140860544305,0.466928836752,0.147716399412,0.112581318439,0.137927708427,0.0289755866463,0.24367050308,0.203648508095,0.107569680991,-0.123936235297,0.326114480177,1.0,0.0468216484019,0.300788766301
GarageYrBlt,0.0702497819166,-0.0249474186656,0.25269077499,0.153484098027,-0.0880108154122,0.190708273459,0.322445173679,0.233449092715,0.0708323397174,-0.0363632340423,0.231196740633,0.564567060723,0.224576991988,0.228424578772,-0.297002603056,0.0235436895737,-0.0754175137619,-0.0145006785637,-0.0324174578213,0.486361677488,0.825667484174,0.642276779704,0.124552524424,-0.0774636123807,0.48455738672,0.196785175806,-0.0645184369844,-0.12441140157,0.148111715586,0.0468216484019,1.0,0.588920007005
GarageCars,0.285690924685,0.154870739754,0.36420364007,0.224053522394,-0.0382635128693,0.21417518975,0.434584834292,0.439316807991,0.183925583076,-0.0944795201559,0.467247418795,0.882475414281,0.22634213847,0.21356944559,-0.151434160027,0.0357652851465,0.0504937919272,0.0209335310415,-0.0430801281022,0.640409197258,0.537850091711,0.420622154943,0.131881224406,-0.0208910589969,0.469672043268,0.219178152167,0.0861064376884,-0.0506338924022,0.362288570815,0.300788766301,0.588920007005,1.0
